{"gps":4,"infoTimestamp":1602555323439,"isConnected":true,"time":1602555323439,"leftTime":"0.9","estimatedMileage":21,"centreCtrlBattery":100,"postion":{"lat":37.79408983182517,"lng":114.50157457624873},"nowSpeed":0,"hdop":0,"lockStatus":0,"isFortificationOn":0,"batteries":{"compartmentA":{"bmsId":"BU19LN2S51300018","isConnected":true,"batteryCharging":47,"gradeBattery":"84.8"}},"lastTrack":{"time":1602549621584,"ridingTime":1123,"distance":6815},"gpsTimestamp":1602555323439,"locationType":2,"batteryDetail":true,"ss_protocol_ver":3,"isCharging":0,"ss_online_sta":"1","isAccOn":0,"gsm":27,"shakingValue":3}